FabricBegin,,,,
NW_term,N_term,NE_term
W_IO4,LUT4x8_ha,E_IO4
W_IO4,LUT4x8_ha,E_IO4
SW_term,S_IO2,SE_term
FabricEnd,,,,
,,,,
ParametersBegin,,,,
ConfigBitMode,frame_based,# default is FlipFlopChain,,frame_based
GenerateDelayInSwitchMatrix,80,,,
MultiplexerStyle,custom,#,custom,generic
SuperTileEnable,TRUE,#,TRUE,FALSE
DisableUserCLK,TRUE,#,TRUE,FALSE
,,,,
Tile,TILES/LUT4x8_ha/LUT4x8_ha.csv,,,
Tile,TILES/N_term/N_term.csv,,,
Tile,TILES/S_IO2/S_IO2.csv,,,
Tile,TILES/E_IO4/E_IO4.csv,,,
Tile,TILES/W_IO4/W_IO4.csv,,,
Tile,TILES/NE_term/NE_term.csv,,,
Tile,TILES/NW_term/NW_term.csv,,,
Tile,TILES/SE_term/SE_term.csv,,,
Tile,TILES/SW_term/SW_term.csv,,,
,,,,
ParametersEnd,,,,
