source,destination
E1END0,JN2BEG1
E1END1,JE2BEG4
E1END1,JS2BEG4
E1END2,JE2BEG5
E1END3,JE2BEG6
E1END3,JS2BEG6
E1END4,JW2BEG3
E2END2,J2END_CD_BEG1
E2END2,JE2BEG1
E2END2,JN2BEG1
E2END3,J2END_EF_BEG1
E2END3,JN2BEG2
E2END3,J_l_CD_BEG0
E2END3,J_l_EF_BEG0
E2END4,JN2BEG3
E2END5,JE2BEG4
E2END6,J2END_AB_BEG0
E2END6,J2END_CD_BEG0
E2END7,JS2BEG6
E2MID0,J2MID_ABa_BEG3
E2MID0,J2MID_EFa_BEG3
E2MID2,J2MID_CDa_BEG1
E2MID4,J2MID_CDa_BEG2
E2MID5,J2MID_GHb_BEG2
J2END_AB_END2,LB_I2
J2END_AB_END3,LA_I3
J2END_CD_END3,LC_I3
J2END_EF_END0,LF_I0
J2END_EF_END1,LE_I1
J2END_EF_END2,LF_I2
J2END_GH_END2,LH_I2
J2END_GH_END3,LG_I3
J2END_GH_END3,LH_I3
J2MID_ABb_END2,S1BEG7
J2MID_CDb_END1,LC_I1
J2MID_CDb_END3,S1BEG4
J2MID_EFb_END0,E1BEG1
J2MID_EFb_END0,J_SR_BEG0
J2MID_EFb_END0,LF_I0
J2MID_GHb_END1,E1BEG6
J2MID_GHb_END1,S1BEG6
JN2END2,J_EN_BEG0
J_l_AB_END0,E1BEG3
J_l_CD_END2,W1BEG4
J_l_EF_END3,LF_I3
J_l_EF_END3,S1BEG5
LA_O,JE2BEG2
LA_O,JE2BEG5
LA_O,JE2BEG7
LA_O,JN2BEG1
LA_O,JN2BEG4
LA_O,JN2BEG5
LA_O,JN2BEG6
LA_O,JS2BEG3
LA_O,JS2BEG4
LA_O,JS2BEG5
LA_O,JS2BEG6
LA_O,JW2BEG1
LA_O,JW2BEG3
LA_O,JW2BEG4
LA_O,JW2BEG5
LA_O,JW2BEG7
LB_O,E1BEG7
LB_O,JE2BEG2
LB_O,JE2BEG3
LB_O,JE2BEG5
LB_O,JE2BEG7
LB_O,JN2BEG2
LB_O,JN2BEG5
LB_O,JN2BEG6
LB_O,JN2BEG7
LB_O,JS2BEG0
LB_O,JS2BEG2
LB_O,JS2BEG3
LB_O,JS2BEG5
LB_O,JS2BEG7
LB_O,JW2BEG3
LB_O,JW2BEG4
LB_O,JW2BEG5
LB_O,JW2BEG7
LC_O,JE2BEG1
LC_O,JE2BEG4
LC_O,JE2BEG5
LC_O,JE2BEG6
LC_O,JN2BEG4
LC_O,JN2BEG5
LC_O,JN2BEG7
LC_O,JS2BEG1
LC_O,JS2BEG5
LC_O,JS2BEG7
LC_O,JW2BEG1
LC_O,JW2BEG3
LC_O,JW2BEG4
LC_O,JW2BEG5
LD_O,JE2BEG0
LD_O,JE2BEG1
LD_O,JE2BEG2
LD_O,JE2BEG6
LD_O,JE2BEG7
LD_O,JN2BEG2
LD_O,JN2BEG7
LD_O,JS2BEG2
LD_O,JS2BEG5
LD_O,JS2BEG6
LD_O,JW2BEG4
LD_O,JW2BEG6
LE_O,JE2BEG0
LE_O,JE2BEG1
LE_O,JE2BEG3
LE_O,JE2BEG7
LE_O,JN2BEG0
LE_O,JN2BEG1
LE_O,JN2BEG2
LE_O,JN2BEG3
LE_O,JN2BEG5
LE_O,JN2BEG6
LE_O,JN2BEG7
LE_O,JS2BEG0
LE_O,JS2BEG1
LE_O,JS2BEG2
LE_O,JS2BEG7
LE_O,JW2BEG0
LE_O,JW2BEG2
LF_O,JE2BEG0
LF_O,JE2BEG2
LF_O,JE2BEG3
LF_O,JN2BEG0
LF_O,JN2BEG2
LF_O,JN2BEG3
LF_O,JN2BEG4
LF_O,JN2BEG7
LF_O,JS2BEG0
LF_O,JS2BEG2
LF_O,JW2BEG0
LF_O,JW2BEG2
LF_O,JW2BEG3
LF_O,JW2BEG6
LF_O,JW2BEG7
LF_O,W1BEG0
LG_O,JE2BEG0
LG_O,JE2BEG1
LG_O,JE2BEG2
LG_O,JE2BEG7
LG_O,JN2BEG0
LG_O,JN2BEG3
LG_O,JN2BEG7
LG_O,JS2BEG0
LG_O,JS2BEG1
LG_O,JS2BEG3
LG_O,JS2BEG7
LG_O,JW2BEG0
LG_O,JW2BEG1
LG_O,JW2BEG3
LG_O,JW2BEG5
LH_O,JE2BEG2
LH_O,JE2BEG4
LH_O,JE2BEG5
LH_O,JN2BEG0
LH_O,JN2BEG1
LH_O,JN2BEG4
LH_O,JN2BEG5
LH_O,JS2BEG1
LH_O,JS2BEG2
LH_O,JS2BEG3
LH_O,JS2BEG5
LH_O,JW2BEG2
LH_O,JW2BEG4
LH_O,JW2BEG5
LH_O,S1BEG3
LH_O,W1BEG2
N1END0,JE2BEG7
N1END0,JW2BEG7
N1END1,JE2BEG0
N1END1,JN2BEG0
N1END1,JS2BEG0
N1END1,JW2BEG2
N1END1,J_l_AB_BEG2
N1END2,JE2BEG1
N1END2,JE2BEG3
N1END2,JE2BEG5
N1END2,JN2BEG5
N1END3,JE2BEG0
N1END3,JW2BEG0
N1END3,JW2BEG2
N1END5,JE2BEG0
N1END5,JS2BEG0
N1END6,J_l_EF_BEG1
N2END0,J2END_AB_BEG3
N2END0,JS2BEG7
N2END1,JE2BEG0
N2END1,JN2BEG0
N2END1,JW2BEG0
N2END2,JN2BEG1
N2END2,JW2BEG1
N2END3,J2END_GH_BEG1
N2END3,JE2BEG2
N2END3,JN2BEG2
N2END3,JW2BEG2
N2END4,J2END_AB_BEG2
N2END4,J2END_CD_BEG2
N2END4,JN2BEG3
N2END4,JS2BEG3
N2END4,JW2BEG3
N2END5,J2END_EF_BEG2
N2END5,JE2BEG4
N2END5,JN2BEG4
N2END6,JW2BEG5
N2END7,JE2BEG6
N2END7,JN2BEG6
N2END7,JS2BEG6
N2MID1,J2MID_GHb_BEG3
N2MID2,J2MID_CDa_BEG1
N2MID2,J2MID_GHa_BEG1
N2MID3,J2MID_CDb_BEG1
N2MID4,J2MID_ABa_BEG2
N2MID4,J2MID_CDa_BEG2
S1END0,JW2BEG3
S1END1,JE2BEG6
S1END1,JS2BEG4
S1END1,JW2BEG0
S1END1,JW2BEG6
S1END1,J_l_GH_BEG2
S1END2,JE2BEG7
S1END2,JN2BEG5
S1END2,JS2BEG1
S1END2,JW2BEG5
S1END2,JW2BEG7
S1END3,JE2BEG4
S1END3,JE2BEG6
S1END3,JS2BEG6
S1END3,JW2BEG2
S1END3,JW2BEG4
S1END4,J_l_CD_BEG3
S2END0,J2END_AB_BEG3
S2END0,J2END_CD_BEG3
S2END0,JS2BEG7
S2END0,JW2BEG7
S2END1,J2END_GH_BEG3
S2END1,JS2BEG0
S2END1,JW2BEG0
S2END2,J2END_AB_BEG1
S2END2,J2END_CD_BEG1
S2END2,JE2BEG1
S2END2,JW2BEG1
S2END3,JN2BEG2
S2END3,JS2BEG2
S2END4,JE2BEG3
S2END5,J2END_GH_BEG2
S2END5,JE2BEG4
S2END5,JN2BEG4
S2END5,JS2BEG4
S2END5,JW2BEG4
S2END7,J2END_EF_BEG0
S2END7,JN2BEG6
S2END7,JW2BEG6
S2MID2,J2MID_ABa_BEG1
S2MID2,J2MID_EFa_BEG1
S2MID2,J2MID_GHa_BEG1
S2MID3,J2MID_CDb_BEG1
S2MID4,J2MID_EFa_BEG2
S2MID5,J2MID_GHb_BEG2
S2MID6,J2MID_GHa_BEG0
S2MID7,J2MID_CDb_BEG0
W1END0,JE2BEG7
W1END0,JN2BEG7
W1END0,JW2BEG7
W1END1,JS2BEG6
W1END2,JS2BEG7
W1END2,J_l_CD_BEG0
W1END3,JS2BEG4
W1END4,JN2BEG0
W2END0,J2END_CD_BEG3
W2END0,JN2BEG7
W2END0,JS2BEG7
W2END1,J2END_EF_BEG3
W2END1,J2END_GH_BEG3
W2END1,JN2BEG0
W2END1,JS2BEG0
W2END1,JW2BEG0
W2END2,J2END_AB_BEG1
W2END2,JN2BEG1
W2END3,J2END_GH_BEG1
W2END3,JE2BEG2
W2END3,JN2BEG2
W2END3,JS2BEG2
W2END3,JW2BEG2
W2END3,J_l_EF_BEG0
W2END4,J2END_AB_BEG2
W2END4,J2END_CD_BEG2
W2END4,JN2BEG3
W2END4,JS2BEG3
W2END4,J_l_EF_BEG2
W2END5,J2END_EF_BEG2
W2END5,J2END_GH_BEG2
W2END5,JN2BEG4
W2END5,JS2BEG4
W2END6,J2END_CD_BEG0
W2END6,JN2BEG5
W2END7,JS2BEG6
W2END7,JW2BEG6
W2END7,J_l_CD_BEG1
W2MID1,J2MID_ABb_BEG3
W2MID3,J2MID_ABb_BEG1
W2MID4,J2MID_ABa_BEG2
W2MID4,J2MID_EFa_BEG2
W2MID6,J2MID_CDa_BEG0
W2MID7,J2MID_GHb_BEG0
